[
  {
    "content": "Computing Test (MATE40001 Mathematics and Computing 1)",
    "metadata": {
      "course": "MATE40001 Mathematics and Computing 1",
      "due_date": "20/11/23",
      "submission_method": "In-person",
      "percentage": "15",
      "assignment_type": "Test",
      "Year": "1"
    }
  },
  {
    "content": "Autumn Test (MATE40001 Mathematics and Computing 1)",
    "metadata": {
      "course": "MATE40001 Mathematics and Computing 1",
      "due_date": "4/12/23",
      "submission_method": "In-person",
      "percentage": "35",
      "assignment_type": "Test",
      "Year": "1"
    }
  },
  {
    "content": "Computing Challenge (MATE40001 Mathematics and Computing 1)",
    "metadata": {
      "course": "MATE40001 Mathematics and Computing 1",
      "due_date": "26/2/23",
      "submission_method": "Blackboard",
      "percentage": "15",
      "assignment_type": "Group Coursework",
      "Year": "1"
    }
  },
  {
    "content": "Summer Test (MATE40001 Mathematics and Computing 1)",
    "metadata": {
      "course": "MATE40001 Mathematics and Computing 1",
      "due_date": "27/5/23",
      "submission_method": "In-person",
      "percentage": "35",
      "assignment_type": "Test",
      "Year": "1"
    }
  },
  {
    "content": "Materials Selection Exercise (MATE40002 Performance 1)",
    "metadata": {
      "course": "MATE40002 Performance 1",
      "due_date": "20/11/23",
      "submission_method": "Blackboard",
      "percentage": "30",
      "assignment_type": "Group Coursework",
      "Year": "1"
    }
  },
  {
    "content": "Mechanics Test (MATE40002 Performance 1)",
    "metadata": {
      "course": "MATE40002 Performance 1",
      "due_date": "6/5/23",
      "submission_method": "In-person",
      "percentage": "10",
      "assignment_type": "Test",
      "Year": "1"
    }
  },
  {
    "content": "Steels Test (MATE40002 Performance 1)",
    "metadata": {
      "course": "MATE40002 Performance 1",
      "due_date": "27/5/23",
      "submission_method": "In-person",
      "percentage": "30",
      "assignment_type": "Test",
      "Year": "1"
    }
  },
  {
    "content": "Steels Lab (MATE40002 Performance 1)",
    "metadata": {
      "course": "MATE40002 Performance 1",
      "due_date": "3/6/23",
      "submission_method": "In-person",
      "percentage": "30",
      "assignment_type": "Test",
      "Year": "1"
    }
  },
  {
    "content": "Cad Drawing (MATE40003 EngPrac1)",
    "metadata": {
      "course": "MATE40003 EngPrac1",
      "due_date": "6/11/23",
      "submission_method": "Blackboard",
      "percentage": "P/F",
      "assignment_type": "Lab Coursework",
      "Year": "1"
    }
  },
  {
    "content": "Initial GANTT Chart (MATE40003 EngPrac1)",
    "metadata": {
      "course": "MATE40003 EngPrac1",
      "due_date": "20/1/24",
      "submission_method": "Blackboard",
      "percentage": "P/F",
      "assignment_type": "Project report",
      "Year": "1"
    }
  },
  {
    "content": "Concept Design Report (MATE40003 EngPrac1)",
    "metadata": {
      "course": "MATE40003 EngPrac1",
      "due_date": "10/2/24",
      "submission_method": "Blackboard",
      "percentage": "15",
      "assignment_type": "Group Coursework",
      "Year": "1"
    }
  },
  {
    "content": "First Video Submission (MATE40003 EngPrac1)",
    "metadata": {
      "course": "MATE40003 EngPrac1",
      "due_date": "10/2/24",
      "submission_method": "Blackboard",
      "percentage": "5",
      "assignment_type": "Individual Coursework",
      "Year": "1"
    }
  },
  {
    "content": "Presentation of Concept Design (Oral) (MATE40003 EngPrac1)",
    "metadata": {
      "course": "MATE40003 EngPrac1",
      "due_date": "17/2/24",
      "submission_method": "Blackboard",
      "percentage": "10",
      "assignment_type": "Individual Coursework",
      "Year": "1"
    }
  },
  {
    "content": "Integrated Prototype Test Day (MATE40003 EngPrac1)",
    "metadata": {
      "course": "MATE40003 EngPrac1",
      "due_date": "9/3/24",
      "submission_method": "Blackboard",
      "percentage": "P/F",
      "assignment_type": "Group Coursework",
      "Year": "1"
    }
  },
  {
    "content": "Technical Drawing and Letter (MATE40003 EngPrac1)",
    "metadata": {
      "course": "MATE40003 EngPrac1",
      "due_date": "4/5/24",
      "submission_method": "Blackboard",
      "percentage": "10",
      "assignment_type": "Group Coursework",
      "Year": "1"
    }
  },
  {
    "content": "Final Report (MATE40003 EngPrac1)",
    "metadata": {
      "course": "MATE40003 EngPrac1",
      "due_date": "1/6/24",
      "submission_method": "Blackboard",
      "percentage": "30",
      "assignment_type": "Group Coursework",
      "Year": "1"
    }
  },
  {
    "content": "Second Video Submission (MATE40003 EngPrac1)",
    "metadata": {
      "course": "MATE40003 EngPrac1",
      "due_date": "1/6/24",
      "submission_method": "Blackboard",
      "percentage": "5",
      "assignment_type": "Individual Coursework",
      "Year": "1"
    }
  },
  {
    "content": "Group Design Defence (Oral) (MATE40003 EngPrac1)",
    "metadata": {
      "course": "MATE40003 EngPrac1",
      "due_date": "8/6/24",
      "submission_method": "Blackboard",
      "percentage": "15",
      "assignment_type": "Individual Coursework",
      "Year": "1"
    }
  },
  {
    "content": "Final Presentation and Test Day (MATE40003 EngPrac1)",
    "metadata": {
      "course": "MATE40003 EngPrac1",
      "due_date": "15/6/24",
      "submission_method": "Blackboard",
      "percentage": "10",
      "assignment_type": "Group Coursework",
      "Year": "1"
    }
  },
  {
    "content": "Peer Marking (MATE40003 EngPrac1)",
    "metadata": {
      "course": "MATE40003 EngPrac1",
      "due_date": "15/6/24",
      "submission_method": "Blackboard",
      "percentage": "0",
      "assignment_type": "Individual Coursework",
      "Year": "1"
    }
  },
  {
    "content": "Crystallography Test 1 (MATE40004 Structure 1)",
    "metadata": {
      "course": "MATE40004 Structure 1",
      "due_date": "4/11/23",
      "submission_method": "In-person",
      "percentage": "12.5",
      "assignment_type": "Test",
      "Year": "1"
    }
  },
  {
    "content": "Metallography Lab (MATE40004 Structure 1)",
    "metadata": {
      "course": "MATE40004 Structure 1",
      "due_date": "11/11/23",
      "submission_method": "Blackboard",
      "percentage": "7",
      "assignment_type": "Lab Coursework",
      "Year": "1"
    }
  },
  {
    "content": "Crystal Structure Lab (MATE40004 Structure 1)",
    "metadata": {
      "course": "MATE40004 Structure 1",
      "due_date": "25/11/23",
      "submission_method": "Blackboard",
      "percentage": "7",
      "assignment_type": "Lab Coursework",
      "Year": "1"
    }
  },
  {
    "content": "Crystallography Test 2 (MATE40004 Structure 1)",
    "metadata": {
      "course": "MATE40004 Structure 1",
      "due_date": "9/12/23",
      "submission_method": "In-person",
      "percentage": "12.5",
      "assignment_type": "Test",
      "Year": "1"
    }
  },
  {
    "content": "Structure Exam (MATE40004 Structure 1)",
    "metadata": {
      "course": "MATE40004 Structure 1",
      "due_date": "9/12/23",
      "submission_method": "In-person",
      "percentage": "54",
      "assignment_type": "Exam",
      "Year": "1"
    }
  },
  {
    "content": "Cooling Curves Lab (MATE40004 Structure 1)",
    "metadata": {
      "course": "MATE40004 Structure 1",
      "due_date": "24/2/24",
      "submission_method": "Blackboard",
      "percentage": "7",
      "assignment_type": "Lab Coursework",
      "Year": "1"
    }
  },
  {
    "content": "Titration Lab (MATE40005 Processing)",
    "metadata": {
      "course": "MATE40005 Processing",
      "due_date": "13/1/24",
      "submission_method": "Blackboard",
      "percentage": "6",
      "assignment_type": "Lab Coursework",
      "Year": "1"
    }
  },
  {
    "content": "Polymer Synthesis (MATE40005 Processing)",
    "metadata": {
      "course": "MATE40005 Processing",
      "due_date": "27/1/24",
      "submission_method": "Blackboard",
      "percentage": "6",
      "assignment_type": "Lab Coursework",
      "Year": "1"
    }
  },
  {
    "content": "Processing Exam (MATE40005 Processing)",
    "metadata": {
      "course": "MATE40005 Processing",
      "due_date": "16/3/24",
      "submission_method": "In-person",
      "percentage": "80",
      "assignment_type": "Exam",
      "Year": "1"
    }
  },
  {
    "content": "Rheology (MATE40005 Processing)",
    "metadata": {
      "course": "MATE40005 Processing",
      "due_date": "1/6/24",
      "submission_method": "Blackboard",
      "percentage": "8",
      "assignment_type": "Lab Coursework",
      "Year": "1"
    }
  },
  {
    "content": "Fracture Mechanics Lab (MATE40006 Properties 1)",
    "metadata": {
      "course": "MATE40006 Properties 1",
      "due_date": "13/1/24",
      "submission_method": "Blackboard",
      "percentage": "10",
      "assignment_type": "Lab Coursework",
      "Year": "1"
    }
  },
  {
    "content": "Properties Exam (MATE40006 Properties 1)",
    "metadata": {
      "course": "MATE40006 Properties 1",
      "due_date": "29/4/24",
      "submission_method": "In-person",
      "percentage": "82",
      "assignment_type": "Exam",
      "Year": "1"
    }
  },
  {
    "content": "Electrical Properties Lab (MATE40006 Properties 1)",
    "metadata": {
      "course": "MATE40006 Properties 1",
      "due_date": "18/5/24",
      "submission_method": "Blackboard",
      "percentage": "8",
      "assignment_type": "Lab Coursework",
      "Year": "1"
    }
  }

]