[
  {
    "content": "Weekly Quiz 1 (BUSI60044 Business)",
    "metadata": {
      "course": "BUSI60044 Business",
      "due_date": "7/10/23",
      "submission_method": "Blackboard",
      "percentage": "1.5",
      "assignment_type": "Individual Coursework",
      "Year": "3"
    }
  },
  {
    "content": "Weekly Quiz 2 (BUSI60044 Business)",
    "metadata": {
      "course": "BUSI60044 Business",
      "due_date": "14/10/23",
      "submission_method": "Blackboard",
      "percentage": "1.5",
      "assignment_type": "Individual Coursework",
      "Year": "3"
    }
  },
  {
    "content": "Weekly Quiz 3 (BUSI60044 Business)",
    "metadata": {
      "course": "BUSI60044 Business",
      "due_date": "21/10/23",
      "submission_method": "Blackboard",
      "percentage": "1.5",
      "assignment_type": "Individual Coursework",
      "Year": "3"
    }
  },
  {
    "content": "Weekly Quiz 4 (BUSI60044 Business)",
    "metadata": {
      "course": "BUSI60044 Business",
      "due_date": "28/10/23",
      "submission_method": "Blackboard",
      "percentage": "1.5",
      "assignment_type": "Individual Coursework",
      "Year": "3"
    }
  },
  {
    "content": "Weekly Quiz 5 (BUSI60044 Business)",
    "metadata": {
      "course": "BUSI60044 Business",
      "due_date": "4/11/23",
      "submission_method": "Blackboard",
      "percentage": "1.5",
      "assignment_type": "Individual Coursework",
      "Year": "3"
    }
  },
  {
    "content": "Weekly Quiz 6 (BUSI60044 Business)",
    "metadata": {
      "course": "BUSI60044 Business",
      "due_date": "11/11/23",
      "submission_method": "Blackboard",
      "percentage": "1.5",
      "assignment_type": "Individual Coursework",
      "Year": "3"
    }
  },
  {
    "content": "Weekly Quiz 7 (BUSI60044 Business)",
    "metadata": {
      "course": "BUSI60044 Business",
      "due_date": "18/11/23",
      "submission_method": "Blackboard",
      "percentage": "1.5",
      "assignment_type": "Individual Coursework",
      "Year": "3"
    }
  },
  {
    "content": "Weekly Quiz 8 (BUSI60044 Business)",
    "metadata": {
      "course": "BUSI60044 Business",
      "due_date": "25/11/23",
      "submission_method": "Blackboard",
      "percentage": "1.5",
      "assignment_type": "Individual Coursework",
      "Year": "3"
    }
  },
  {
    "content": "Group Report (BUSI60044 Business)",
    "metadata": {
      "course": "BUSI60044 Business",
      "due_date": "2/12/23",
      "submission_method": "In-person",
      "percentage": "25",
      "assignment_type": "Group Coursework",
      "Year": "3"
    }
  },
  {
    "content": "Weekly Quiz 9 (BUSI60044 Business)",
    "metadata": {
      "course": "BUSI60044 Business",
      "due_date": "2/12/23",
      "submission_method": "Blackboard",
      "percentage": "1.5",
      "assignment_type": "Individual Coursework",
      "Year": "3"
    }
  },
  {
    "content": "Weekly Quiz 10 (BUSI60044 Business)",
    "metadata": {
      "course": "BUSI60044 Business",
      "due_date": "9/12/23",
      "submission_method": "Blackboard",
      "percentage": "1.5",
      "assignment_type": "Individual Coursework",
      "Year": "3"
    }
  },
  {
    "content": "Final Exam (BUSI60044 Business)",
    "metadata": {
      "course": "BUSI60044 Business",
      "due_date": "13/1/24",
      "submission_method": "Blackboard",
      "percentage": "60",
      "assignment_type": "Exam",
      "Year": "3"
    }
  },
  {
    "content": "Literature Review (MATE60002 Theory and Sim)",
    "metadata": {
      "course": "MATE60002 Theory and Sim",
      "due_date": "11/11/23",
      "submission_method": "Blackboard",
      "percentage": "35",
      "assignment_type": "Individual Coursework",
      "Year": "3"
    }
  },
  {
    "content": "Oral Presentation (MATE60002 Theory and Sim)",
    "metadata": {
      "course": "MATE60002 Theory and Sim",
      "due_date": "16/3/24",
      "submission_method": "In-person",
      "percentage": "35",
      "assignment_type": "Individual Coursework",
      "Year": "3"
    }
  },
  {
    "content": "Final Report (MATE60002 Theory and Sim)",
    "metadata": {
      "course": "MATE60002 Theory and Sim",
      "due_date": "11/5/24",
      "submission_method": "Blackboard",
      "percentage": "30",
      "assignment_type": "Individual Coursework",
      "Year": "3"
    }
  },
  {
    "content": "Lab Report 1 (MATE60003 Processing Lab)",
    "metadata": {
      "course": "MATE60003 Processing Lab",
      "due_date": "14/10/23",
      "submission_method": "Blackboard",
      "percentage": "15",
      "assignment_type": "Lab Coursework",
      "Year": "3"
    }
  },
  {
    "content": "Lab Report 2 (MATE60003 Processing Lab)",
    "metadata": {
      "course": "MATE60003 Processing Lab",
      "due_date": "25/11/23",
      "submission_method": "Blackboard",
      "percentage": "20",
      "assignment_type": "Lab Coursework",
      "Year": "3"
    }
  },
  {
    "content": "Lab Report 3 (MATE60003 Processing Lab)",
    "metadata": {
      "course": "MATE60003 Processing Lab",
      "due_date": "17/2/24",
      "submission_method": "Blackboard",
      "percentage": "15",
      "assignment_type": "Lab Coursework",
      "Year": "3"
    }
  },
  {
    "content": "Final Exam (MATE60003 Processing Lab)",
    "metadata": {
      "course": "MATE60003 Processing Lab",
      "due_date": "4/5/24",
      "submission_method": "In-person",
      "percentage": "40",
      "assignment_type": "Exam",
      "Year": "3"
    }
  },
  {
    "content": "Literature Review (MATE60004 Research Technique)",
    "metadata": {
      "course": "MATE60004 Research Technique",
      "due_date": "27/1/24",
      "submission_method": "Blackboard",
      "percentage": "33",
      "assignment_type": "Individual Coursework",
      "Year": "3"
    }
  },
  {
    "content": "Comprehensive Exam (MATE60004 Research Technique)",
    "metadata": {
      "course": "MATE60004 Research Technique",
      "due_date": "16/3/24",
      "submission_method": "Blackboard",
      "percentage": "67",
      "assignment_type": "Exam",
      "Year": "3"
    }
  },
  {
    "content": "Interim Report (MATE60005 Material Processing)",
    "metadata": {
      "course": "MATE60005 Material Processing",
      "due_date": "24/2/24",
      "submission_method": "Blackboard",
      "percentage": "20",
      "assignment_type": "Individual Coursework",
      "Year": "3"
    }
  },
  {
    "content": "Oral Presentation (MATE60005 Material Processing)",
    "metadata": {
      "course": "MATE60005 Material Processing",
      "due_date": "16/3/24",
      "submission_method": "In-person",
      "percentage": "30",
      "assignment_type": "Individual Coursework",
      "Year": "3"
    }
  },
  {
    "content": "Final Exam (MATE60005 Material Processing)",
    "metadata": {
      "course": "MATE60005 Material Processing",
      "due_date": "25/5/24",
      "submission_method": "In-person",
      "percentage": "50",
      "assignment_type": "Exam",
      "Year": "3"
    }
  },
  {
    "content": "Final Exam (MATE60006 Biomaterials)",
    "metadata": {
      "course": "MATE60006 Biomaterials",
      "due_date": "11/5/24",
      "submission_method": "In-person",
      "percentage": "100",
      "assignment_type": "Exam",
      "Year": "3"
    }
  },
  {
    "content": "Final Exam (MATE60007 Engineering Alloys)",
    "metadata": {
      "course": "MATE60007 Engineering Alloys",
      "due_date": "11/5/24",
      "submission_method": "In-person",
      "percentage": "100",
      "assignment_type": "Exam",
      "Year": "3"
    }
  },
  {
    "content": "Final Exam (MATE60008 Ceramics and Glasses)",
    "metadata": {
      "course": "MATE60008 Ceramics and Glasses",
      "due_date": "25/5/24",
      "submission_method": "In-person",
      "percentage": "100",
      "assignment_type": "Exam",
      "Year": "3"
    }
  },
  {
    "content": "Problem Set 1 (MATE60009 Maths and Quantum Mechanics)",
    "metadata": {
      "course": "MATE60009 Maths and Quantum Mechanics",
      "due_date": "17/2/24",
      "submission_method": "Blackboard",
      "percentage": "20",
      "assignment_type": "Individual Coursework",
      "Year": "3"
    }
  },
  {
    "content": "Problem Set 2 (MATE60009 Maths and Quantum Mechanics)",
    "metadata": {
      "course": "MATE60009 Maths and Quantum Mechanics",
      "due_date": "16/3/24",
      "submission_method": "Blackboard",
      "percentage": "20",
      "assignment_type": "Individual Coursework",
      "Year": "3"
    }
  },
  {
    "content": "Final Exam (MATE60009 Maths and Quantum Mechanics)",
    "metadata": {
      "course": "MATE60009 Maths and Quantum Mechanics",
      "due_date": "11/5/24",
      "submission_method": "In-person",
      "percentage": "60",
      "assignment_type": "Exam",
      "Year": "3"
    }
  },
  {
    "content": "Final Exam (MATE60010 Electronic Structure and Optoelectronics)",
    "metadata": {
      "course": "MATE60010 Electronic Structure and Optoelectronics",
      "due_date": "11/5/24",
      "submission_method": "In-person",
      "percentage": "100",
      "assignment_type": "Exam",
      "Year": "3"
    }
  },
  {
    "content": "Pecha Kucha Presentation (MATE60011 Surfaces and Interfaces)",
    "metadata": {
      "course": "MATE60011 Surfaces and Interfaces",
      "due_date": "9/3/24",
      "submission_method": "In-person",
      "percentage": "20",
      "assignment_type": "Individual Coursework",
      "Year": "3"
    }
  },
  {
    "content": "Final Exam (MATE60011 Surfaces and Interfaces)",
    "metadata": {
      "course": "MATE60011 Surfaces and Interfaces",
      "due_date": "1/6/24",
      "submission_method": "In-person",
      "percentage": "80",
      "assignment_type": "Exam",
      "Year": "3"
    }
  },
  {
    "content": "Final Exam (MATE60012 Nanomaterials)",
    "metadata": {
      "course": "MATE60012 Nanomaterials",
      "due_date": "11/5/24",
      "submission_method": "In-person",
      "percentage": "100",
      "assignment_type": "Exam",
      "Year": "3"
    }
  }
]