[
  {
    "content": "Computing in-Class test (MATE50001 Mathematics and Computing 2)",
    "metadata": {
      "course": "MATE50001 Mathematics and Computing 2",
      "due_date": "18/11/23",
      "submission_method": "In-person",
      "percentage": "15",
      "assignment_type": "Test",
      "Year": "2"
    }
  },
  {
    "content": "Maths Test 1 (MATE50001 Mathematics and Computing 2)",
    "metadata": {
      "course": "MATE50001 Mathematics and Computing 2",
      "due_date": "9/12/23",
      "submission_method": "In-person",
      "percentage": "40",
      "assignment_type": "Test",
      "Year": "2"
    }
  },
  {
    "content": "Programming Challenge (MATE50001 Mathematics and Computing 2)",
    "metadata": {
      "course": "MATE50001 Mathematics and Computing 2",
      "due_date": "6/1/24",
      "submission_method": "Blackboard",
      "percentage": "15",
      "assignment_type": "Group Coursework",
      "Year": "2"
    }
  },
  {
    "content": "Maths Test 2 (MATE50001 Mathematics and Computing 2)",
    "metadata": {
      "course": "MATE50001 Mathematics and Computing 2",
      "due_date": "8/6/24",
      "submission_method": "In-person",
      "percentage": "30",
      "assignment_type": "Test",
      "Year": "2"
    }
  },
  {
    "content": "Corrosion and Degradation Test (MATE50002 Performance 2)",
    "metadata": {
      "course": "MATE50002 Performance 2",
      "due_date": "9/12/23",
      "submission_method": "Blackboard",
      "percentage": "30",
      "assignment_type": "Lab Coursework",
      "Year": "2"
    }
  },
  {
    "content": "Devices Test (MATE50002 Performance 2)",
    "metadata": {
      "course": "MATE50002 Performance 2",
      "due_date": "3/6/24",
      "submission_method": "In-person",
      "percentage": "25",
      "assignment_type": "Test",
      "Year": "2"
    }
  },
  {
    "content": "Batteries Test (MATE50002 Performance 2)",
    "metadata": {
      "course": "MATE50002 Performance 2",
      "due_date": "3/6/24",
      "submission_method": "In-person",
      "percentage": "25",
      "assignment_type": "Test",
      "Year": "2"
    }
  },
  {
    "content": "Batteries Poster Exercise (MATE50002 Performance 2)",
    "metadata": {
      "course": "MATE50002 Performance 2",
      "due_date": "10/6/24",
      "submission_method": "Blackboard",
      "percentage": "20",
      "assignment_type": "Group Coursework",
      "Year": "2"
    }
  },
  {
    "content": "Preliminary Report (CAD, etc.) (MATE50003 EngPrac2)",
    "metadata": {
      "course": "MATE50003 EngPrac2",
      "due_date": "13/11/23",
      "submission_method": "Blackboard",
      "percentage": "15",
      "assignment_type": "Group Coursework",
      "Year": "2"
    }
  },
  {
    "content": "Interim Report (MATE50003 EngPrac2)",
    "metadata": {
      "course": "MATE50003 EngPrac2",
      "due_date": "18/3/24",
      "submission_method": "Blackboard",
      "percentage": "35",
      "assignment_type": "Group Coursework",
      "Year": "2"
    }
  },
  {
    "content": "Final Report (MATE50003 EngPrac2)",
    "metadata": {
      "course": "MATE50003 EngPrac2",
      "due_date": "27/5/24",
      "submission_method": "Blackboard",
      "percentage": "35",
      "assignment_type": "Group Coursework",
      "Year": "2"
    }
  },
  {
    "content": "Oral Presentation (MATE50003 EngPrac2)",
    "metadata": {
      "course": "MATE50003 EngPrac2",
      "due_date": "10/6/24",
      "submission_method": "Blackboard",
      "percentage": "15",
      "assignment_type": "Group Coursework",
      "Year": "2"
    }
  },
  {
    "content": "Final Exam (MATE50004 Struc2)",
    "metadata": {
      "course": "MATE50004 Struc2",
      "due_date": "20/5/24",
      "submission_method": "In-person",
      "percentage": "100",
      "assignment_type": "Exam",
      "Year": "2"
    }
  },
  {
    "content": "Lab Report 1 (MATE50005 Characterisation)",
    "metadata": {
      "course": "MATE50005 Characterisation",
      "due_date": "9/10/23",
      "submission_method": "Blackboard",
      "percentage": "5",
      "assignment_type": "Lab Coursework",
      "Year": "2"
    }
  },
  {
    "content": "Lab Report 2 (MATE50005 Characterisation)",
    "metadata": {
      "course": "MATE50005 Characterisation",
      "due_date": "16/10/23",
      "submission_method": "Blackboard",
      "percentage": "5",
      "assignment_type": "Lab Coursework",
      "Year": "2"
    }
  },
  {
    "content": "Lab Report 3 (MATE50005 Characterisation)",
    "metadata": {
      "course": "MATE50005 Characterisation",
      "due_date": "23/10/23",
      "submission_method": "Blackboard",
      "percentage": "5",
      "assignment_type": "Lab Coursework",
      "Year": "2"
    }
  },
  {
    "content": "Lab Report 4 (MATE50005 Characterisation)",
    "metadata": {
      "course": "MATE50005 Characterisation",
      "due_date": "30/10/23",
      "submission_method": "Blackboard",
      "percentage": "5",
      "assignment_type": "Lab Coursework",
      "Year": "2"
    }
  },
  {
    "content": "Lab Report 5 (MATE50005 Characterisation)",
    "metadata": {
      "course": "MATE50005 Characterisation",
      "due_date": "6/11/23",
      "submission_method": "Blackboard",
      "percentage": "5",
      "assignment_type": "Lab Coursework",
      "Year": "2"
    }
  },
  {
    "content": "Characterisation Exam (MATE50005 Characterisation)",
    "metadata": {
      "course": "MATE50005 Characterisation",
      "due_date": "4/12/23",
      "submission_method": "In-person",
      "percentage": "40",
      "assignment_type": "Exam",
      "Year": "2"
    }
  },
  {
    "content": "CharEx Report (MATE50005 Characterisation)",
    "metadata": {
      "course": "MATE50005 Characterisation",
      "due_date": "11/3/24",
      "submission_method": "Blackboard",
      "percentage": "35",
      "assignment_type": "Individual Coursework",
      "Year": "2"
    }
  },
  {
    "content": "Final Exam (MATE50006 Properties 2)",
    "metadata": {
      "course": "MATE50006 Properties 2",
      "due_date": "27/5/24",
      "submission_method": "In-person",
      "percentage": "100",
      "assignment_type": "Exam",
      "Year": "2"
    }
  }
]